Country,Code,ContinentCode,Year,Quality of roads 1(low) - 7(high),Quality of port infrastructure 1(low) - 7(high),Quality of air transport infrastructure 1(low) - 7(high),Migrant population percent of total population,Transport prices world average = 100,Hotel and restaurant price index world average = 100
Afghanistan,AFG,AS,2015,,,,1,,
Albania,ALB,EU,2014,3.94,3.74,4.44,,,
Albania,ALB,EU,2015,4.33,4.15,4.69,2,,
Albania,ALB,EU,2016,4.4,4.2,4.4,,,
Albania,ALB,EU,2017,4.3,4.1,4.1,,95.5,50.78
Albania,ALB,EU,2018,4.3,4.3,3.9,,,
Albania,ALB,EU,2019,3.9,4.3,4.1,,,
Algeria,DZA,AF,2014,3.13,2.83,2.97,,,
Algeria,DZA,AF,2015,3.18,2.99,3.04,1,,
Algeria,DZA,AF,2016,3.2,3.2,3.2,,,
Algeria,DZA,AF,2017,3.5,3.4,3.7,,44.22,33.93
Algeria,DZA,AF,2018,3.6,3.5,3.7,,,
Algeria,DZA,AF,2019,4,3.9,4,,,
Andorra,AND,EU,2015,,,,60,,
Angola,AGO,AF,2014,2.26,2.68,3.3,,,
Angola,AGO,AF,2017,,,,,95.87,79.22
Angola,AGO,AF,2018,2.1,2.6,3.3,,,
Angola,AGO,AF,2019,2.2,2.8,3.3,,,
Antigua and Barbuda,ATG,NA,2015,,,,31,,
Antigua and Barbuda,ATG,NA,2017,,,,,140.48,105.93
Argentina,ARG,SA,2014,3.04,3.69,3.58,,,
Argentina,ARG,SA,2015,3.09,3.83,3.85,5,,
Argentina,ARG,SA,2016,3.1,3.8,4.1,,,
Argentina,ARG,SA,2017,3.3,3.7,4.2,,101.83,89.24
Argentina,ARG,SA,2018,3.4,3.7,4.3,,,
Argentina,ARG,SA,2019,3.6,3.9,4.4,,,
Armenia,ARM,AS,2014,3.71,2.47,4.27,,,
Armenia,ARM,AS,2015,3.82,2.13,4.01,6,,
Armenia,ARM,AS,2016,3.8,2.4,4.4,,,
Armenia,ARM,AS,2017,3.7,2.5,4.8,,64.05,68.35
Armenia,ARM,AS,2018,3.6,2.6,4.4,,,
Armenia,ARM,AS,2019,3.6,2.4,4.6,,,
Aruba,ABW,NA,2015,,,,35,,
Aruba,ABW,NA,2017,,,,,114.71,96.84
Australia,AUS,OC,2014,4.75,5,5.5,,,
Australia,AUS,OC,2015,4.72,4.99,5.48,28,,
Australia,AUS,OC,2016,4.8,4.9,5.3,,,
Australia,AUS,OC,2017,4.8,4.9,5.2,,132.55,161.57
Australia,AUS,OC,2018,4.8,4.7,5.4,,,
Australia,AUS,OC,2019,4.9,4.8,5.5,,,
Austria,AUT,EU,2014,6.27,4.35,5.41,,,
Austria,AUT,EU,2015,6.14,4.02,5.36,17,,
Austria,AUT,EU,2016,6,3.9,5.3,,,
Austria,AUT,EU,2017,6,3.9,5.2,,143.7,132.87
Austria,AUT,EU,2018,5.9,3.6,5.1,,,
Austria,AUT,EU,2019,6,3.7,5.2,,,
Azerbaijan,AZE,AS,2014,3.96,4.26,5.03,,,
Azerbaijan,AZE,AS,2015,3.96,4.26,5.03,3,,
Azerbaijan,AZE,AS,2016,4.4,4.3,5.3,,,
Azerbaijan,AZE,AS,2017,4.8,4.7,5.6,,52.79,59.3
Azerbaijan,AZE,AS,2018,4.8,4.9,5.8,,,
Azerbaijan,AZE,AS,2019,5.2,5.1,5.8,,,
Bahamas,BHS,NA,2015,,,,15,,
Bahamas,BHS,NA,2017,,,,,138.57,118.98
Bahrain,BHR,AS,2014,5.37,5.67,5.25,,,
Bahrain,BHR,AS,2015,5.4,5.4,4.97,51,,
Bahrain,BHR,AS,2016,5.1,5.1,4.9,,,
Bahrain,BHR,AS,2017,5.1,5.1,4.9,,58.36,79.28
Bahrain,BHR,AS,2018,5.1,4.8,5.3,,,
Bahrain,BHR,AS,2019,5.2,5.1,5.4,,,
Bangladesh,BGD,AS,2014,2.88,3.68,3.02,,,
Bangladesh,BGD,AS,2015,2.9,3.56,3.16,1,,
Bangladesh,BGD,AS,2016,2.9,3.5,3.2,,,
Bangladesh,BGD,AS,2017,3.1,3.6,3.3,,64.48,40.86
Bangladesh,BGD,AS,2018,3.1,3.5,3.7,,,
Bangladesh,BGD,AS,2019,3.2,3.5,3.8,,,
Barbados,BRB,NA,2014,5.06,5.33,5.65,,,
Barbados,BRB,NA,2015,,,,12,,
Barbados,BRB,NA,2016,4.5,4.9,5.3,,,
Barbados,BRB,NA,2017,,,,,143.79,124.83
Barbados,BRB,NA,2019,3.2,,4.7,,,
Belarus,BLR,EU,2015,,,,11,,
Belarus,BLR,EU,2017,,,,,59.62,66.36
Belgium,BEL,EU,2014,5.25,6.37,5.9,,,
Belgium,BEL,EU,2015,5.14,6.31,5.84,12,,
Belgium,BEL,EU,2016,4.9,6.3,5.7,,,
Belgium,BEL,EU,2017,4.5,6.1,5.7,,141.05,149.13
Belgium,BEL,EU,2018,4.4,5.6,5.6,,,
Belgium,BEL,EU,2019,4.4,5.6,5.6,,,
Belize,BLZ,NA,2015,,,,15,,
Belize,BLZ,NA,2017,,,,,122.29,66.3
Benin,BEN,AF,2015,2.72,3.36,2.75,2,,
Benin,BEN,AF,2016,2.9,3.7,3.2,,,
Benin,BEN,AF,2017,2.9,3.9,3.4,,67.21,57.19
Benin,BEN,AF,2018,2.9,3,3.5,,,
Benin,BEN,AF,2019,3.2,3.7,3.9,,,
Bermuda,BMU,NA,2015,,,,31,,
Bermuda,BMU,NA,2017,,,,,157.65,198.36
Bhutan,BTN,AS,2014,4.31,2.12,3.51,,,
Bhutan,BTN,AS,2015,4.01,1.83,3.51,7,,
Bhutan,BTN,AS,2016,3.8,1.9,3.7,,,
Bhutan,BTN,AS,2017,4.1,2,4.1,,62.61,33.69
Bolivia,BOL,SA,2014,3.35,2.01,3.21,,,
Bolivia,BOL,SA,2015,3.07,2.08,3.43,1,,
Bolivia,BOL,SA,2016,3.1,2.2,3.9,,,
Bolivia,BOL,SA,2017,,,,,52.08,43.09
Bolivia,BOL,SA,2018,3.4,1.9,3.3,,,
Bolivia,BOL,SA,2019,3.5,2,3.6,,,
Bosnia and Herzegovina,BIH,EU,2015,2.56,2.05,2.44,1,,
Bosnia and Herzegovina,BIH,EU,2016,2.9,2.2,2.6,,,
Bosnia and Herzegovina,BIH,EU,2017,3,2.1,2.7,,89.74,68.98
Bosnia and Herzegovina,BIH,EU,2018,2.8,2,3.3,,,
Bosnia and Herzegovina,BIH,EU,2019,2.8,2.1,3.5,,,
Botswana,BWA,AF,2014,3.98,3.01,3.74,,,
Botswana,BWA,AF,2015,3.95,2.72,3.62,7,,
Botswana,BWA,AF,2016,4.1,3,4,,,
Botswana,BWA,AF,2017,3.8,3.1,4.1,,74.45,93.59
Botswana,BWA,AF,2018,3.6,3,3.8,,,
Botswana,BWA,AF,2019,3.8,3.2,3.7,,,
Brazil,BRA,SA,2014,2.75,2.68,3.43,,,
Brazil,BRA,SA,2015,2.75,2.71,3.79,,,
Brazil,BRA,SA,2016,3,2.9,3.9,,,
Brazil,BRA,SA,2017,3.1,3.1,3.9,,117.43,90.79
Brazil,BRA,SA,2018,3,3.1,4.4,,,
Brazil,BRA,SA,2019,3,3.2,4.4,,,
Brunei,BRN,AS,2015,,,,24,,
Brunei,BRN,AS,2016,4.7,3.7,4.1,,,
Brunei,BRN,AS,2017,4.8,3.9,4.5,,102.26,50.86
Brunei,BRN,AS,2018,4.9,4.1,4.6,,,
Brunei,BRN,AS,2019,5,4.1,4.8,,,
Bulgaria,BGR,EU,2014,3.14,4.18,4.32,,,
Bulgaria,BGR,EU,2015,3.28,3.91,4.05,1,,
Bulgaria,BGR,EU,2016,3.4,4,4.1,,,
Bulgaria,BGR,EU,2017,3.4,4.1,4.3,,89.35,56.23
Bulgaria,BGR,EU,2018,3.5,4.2,4.4,,,
Bulgaria,BGR,EU,2019,3.4,4.3,4.5,,,
Burkina Faso,BFA,AF,2014,2.46,3.13,3.03,,,
Burkina Faso,BFA,AF,2015,,,,4,,
Burkina Faso,BFA,AF,2017,,,,,71.35,44.87
Burkina Faso,BFA,AF,2018,2.7,2.8,3.2,,,
Burkina Faso,BFA,AF,2019,2.8,2.8,3.4,,,
Burma (Myanmar),MMR,AS,2014,2.44,2.64,2.54,,,
Burma (Myanmar),MMR,AS,2015,2.33,2.62,2.62,,,
Burma (Myanmar),MMR,AS,2017,,,,,61.59,36.81
Burundi,BDI,AF,2014,3.24,2.78,2.63,,,
Burundi,BDI,AF,2015,3.24,2.78,2.63,3,,
Burundi,BDI,AF,2016,2.9,2.3,2.6,,,
Burundi,BDI,AF,2017,3,2.8,3,,78.85,43.29
Burundi,BDI,AF,2018,3,2.6,2.9,,,
Burundi,BDI,AF,2019,3.9,3.2,3.8,,,
Cambodia,KHM,AS,2014,3.35,3.59,3.59,,,
Cambodia,KHM,AS,2015,3.34,3.71,3.68,,,
Cambodia,KHM,AS,2016,3.4,3.9,3.9,,,
Cambodia,KHM,AS,2017,3.2,3.1,2.8,,78.19,41.38
Cambodia,KHM,AS,2018,3.3,3.6,3.6,,,
Cambodia,KHM,AS,2019,3.6,3.6,3.7,,,
Cameroon,CMR,AF,2014,2.9,3.62,3.29,,,
Cameroon,CMR,AF,2015,2.85,3.28,3.04,2,,
Cameroon,CMR,AF,2016,2.5,3,2.7,,,
Cameroon,CMR,AF,2017,2.6,,,,71.04,54.39
Cameroon,CMR,AF,2018,2.8,3.1,3.2,,,
Cameroon,CMR,AF,2019,2.4,3.1,3.3,,,
Canada,CAN,NA,2014,5.34,5.47,5.86,,,
Canada,CAN,NA,2015,5.22,5.46,5.84,22,,
Canada,CAN,NA,2016,5.3,5.4,5.8,,,
Canada,CAN,NA,2017,5.4,5.4,5.9,,125.55,148.32
Canada,CAN,NA,2018,5.2,5.1,5.4,,,
Canada,CAN,NA,2019,5,5.1,5.3,,,
Cape Verde,CPV,AF,2014,4.04,3.85,3.83,,,
Cape Verde,CPV,AF,2015,4,3.68,3.61,3,,
Cape Verde,CPV,AF,2016,4.1,3.4,3.7,,,
Cape Verde,CPV,AF,2017,3.9,3.6,3.9,,98.82,64.65
Cape Verde,CPV,AF,2018,3.8,3,3.2,,,
Cape Verde,CPV,AF,2019,4,3.2,3.3,,,
Central African Republic,CAF,AF,2015,,,,2,,
Central African Republic,CAF,AF,2017,,,,,73.37,86.26
Chad,TCD,AF,2014,2.64,1.77,2.29,,,
Chad,TCD,AF,2015,2.96,1.37,2.71,4,,
Chad,TCD,AF,2016,2.6,2,2.9,,,
Chad,TCD,AF,2017,2.6,4.9,4.5,,70.11,46.19
Chad,TCD,AF,2018,2.2,2.3,2.8,,,
Chad,TCD,AF,2019,1.9,1.9,2.7,,,
Chile,CHL,SA,2014,5.12,5.03,5,,,
Chile,CHL,SA,2015,4.93,4.91,5.19,3,,
Chile,CHL,SA,2016,5,4.9,4.9,,,
Chile,CHL,SA,2017,5.2,,,,92.83,104.37
Chile,CHL,SA,2018,5.2,4.8,4.9,,,
Chile,CHL,SA,2019,5.2,4.9,4.9,,,
China,CHN,AS,2014,4.61,4.56,4.72,,,
China,CHN,AS,2015,4.69,4.55,4.79,,,
China,CHN,AS,2016,4.8,4.6,4.8,,,
China,CHN,AS,2017,4.6,4.6,4.9,,77.9,75.24
China,CHN,AS,2018,4.6,4.5,4.6,,,
China,CHN,AS,2019,4.6,4.5,4.6,,,
Colombia,COL,SA,2014,2.67,3.72,4.14,,,
Colombia,COL,SA,2015,2.69,3.65,4.21,,,
Colombia,COL,SA,2016,2.8,3.7,4.2,,,
Colombia,COL,SA,2017,3,3.8,4.1,,75.97,60.78
Colombia,COL,SA,2018,3.3,4,4.4,,,
Colombia,COL,SA,2019,3.4,4.1,4.5,,,
Comoros,COM,AF,2015,,,,2,,
Comoros,COM,AF,2017,,,,,78.27,62.8
Costa Rica,CRC,NA,2014,2.83,3,4.59,,,
Costa Rica,CRC,NA,2015,2.85,3.14,4.62,9,,
Costa Rica,CRC,NA,2016,2.7,3.2,4.6,,,
Costa Rica,CRC,NA,2017,2.6,3.4,4.5,,92.31,90.98
Costa Rica,CRC,NA,2018,2.7,3.5,4.5,,,
Costa Rica,CRC,NA,2019,3,3.9,4.8,,,
Croatia,HRV,EU,2014,5.62,4.6,4.19,,,
Croatia,HRV,EU,2015,5.57,4.55,4.16,14,,
Croatia,HRV,EU,2016,5.5,4.6,4.1,,,
Croatia,HRV,EU,2017,5.5,4.6,4.2,,112.89,92.46
Croatia,HRV,EU,2018,5.5,4.5,4.6,,,
Croatia,HRV,EU,2019,5.6,4.7,4.8,,,
Cyprus,CYP,EU,2014,5.31,4.87,5.06,,,
Cyprus,CYP,EU,2015,5.03,4.42,4.66,17,,
Cyprus,CYP,EU,2016,4.9,4.3,4.9,,,
Cyprus,CYP,EU,2017,5.1,4.6,5.5,,116.86,115.34
Cyprus,CYP,EU,2018,5.2,4.2,5.1,,,
Cyprus,CYP,EU,2019,5.1,4.3,5.1,,,
Czechia,CZE,EU,2014,3.7,4.03,5.55,,,
Czechia,CZE,EU,2015,3.97,3.6,5.41,4,,
Czechia,CZE,EU,2016,4.1,3.4,5.3,,,
Czechia,CZE,EU,2017,4,3.5,5.3,,97.56,75.54
Czechia,CZE,EU,2018,3.9,3.5,5.2,,,
Czechia,CZE,EU,2019,3.9,3.2,5,,,
Democratic Republic of the Congo,COD,AF,2015,,,,1,,
Democratic Republic of the Congo,COD,AF,2016,2.1,2.3,2.8,,,
Democratic Republic of the Congo,COD,AF,2017,2.1,2.7,3,,72.09,67.02
Democratic Republic of the Congo,COD,AF,2018,2.1,2.7,2.9,,,
Democratic Republic of the Congo,COD,AF,2019,2.1,2.4,2.8,,,
Denmark,DNK,EU,2014,5.43,5.79,5.56,,,
Denmark,DNK,EU,2015,5.59,5.76,5.58,10,,
Denmark,DNK,EU,2016,5.7,5.7,5.8,,,
Denmark,DNK,EU,2017,5.5,5.7,6.1,,173.28,189.75
Denmark,DNK,EU,2018,5.5,5.7,5.8,,,
Denmark,DNK,EU,2019,5.6,5.8,5.8,,,
Djibouti,DJI,AF,2015,,,,13,,
Djibouti,DJI,AF,2017,,,,,78.48,76.22
Dominica,DMA,NA,2015,,,,9,,
Dominica,DMA,NA,2017,,,,,125.62,62.86
Dominican Republic,DOM,NA,2014,4.4,4.58,4.82,,,
Dominican Republic,DOM,NA,2015,4.33,4.52,4.73,4,,
Dominican Republic,DOM,NA,2016,4.4,4.6,4.8,,,
Dominican Republic,DOM,NA,2017,4.3,4.8,4.9,,81.09,69.79
Dominican Republic,DOM,NA,2018,4.4,4.6,4.7,,,
Dominican Republic,DOM,NA,2019,4.7,4.9,5.1,,,
Ecuador,ECU,SA,2015,5.23,4.84,5.01,2,,
Ecuador,ECU,SA,2016,5.1,4.7,5.1,,,
Ecuador,ECU,SA,2017,5.1,4.6,5.1,,72.85,118.35
Ecuador,ECU,SA,2018,5,4.4,4.7,,,
Ecuador,ECU,SA,2019,4.9,4.5,4.9,,,
Egypt,EGY,AF,2014,2.87,4.22,4.63,,,
Egypt,EGY,AF,2015,3.04,4.33,4.77,1,,
Egypt,EGY,AF,2016,3,4.3,4.8,,,
Egypt,EGY,AF,2017,3.9,4.7,5.1,,31.57,26.44
Egypt,EGY,AF,2018,4.5,4.6,5.1,,,
Egypt,EGY,AF,2019,5.1,4.8,5.1,,,
El Salvador,SLV,NA,2014,4.64,4.67,4.98,,,
El Salvador,SLV,NA,2015,4.24,4.01,4.85,1,,
El Salvador,SLV,NA,2016,3.9,3.5,4.3,,,
El Salvador,SLV,NA,2017,4,3.4,3.8,,69.7,65.92
El Salvador,SLV,NA,2018,4,3.1,4.1,,,
El Salvador,SLV,NA,2019,4.2,3.4,4.5,,,
Equatorial Guinea,GNQ,AF,2015,,,,1,,
Equatorial Guinea,GNQ,AF,2017,,,,,76.68,80.17
Estonia,EST,EU,2014,4.39,5.6,3.78,,,
Estonia,EST,EU,2015,4.53,5.55,3.73,15,,
Estonia,EST,EU,2016,4.7,5.6,4.5,,,
Estonia,EST,EU,2017,4.7,5.6,5.1,,107.95,106.71
Estonia,EST,EU,2018,4.7,5.6,4.6,,,
Estonia,EST,EU,2019,4.7,5.6,4.6,,,
Ethiopia,ETH,AF,2014,3.79,2.62,5.26,,,
Ethiopia,ETH,AF,2015,3.72,3.2,4.26,1,,
Ethiopia,ETH,AF,2016,3.7,3.5,3.7,,,
Ethiopia,ETH,AF,2017,3.3,2.7,4.2,,40.06,33.08
Ethiopia,ETH,AF,2018,3.3,2.8,4,,,
Ethiopia,ETH,AF,2019,3,2.8,3.3,,,
Faroe Islands,FRO,EU,2015,,,,11,,
Fiji,FJI,OC,2015,,,,2,,
Fiji,FJI,OC,2017,,,,,77.68,63.21
Finland,FIN,EU,2014,5.87,6.38,6.17,,,
Finland,FIN,EU,2015,5.78,6.36,6.05,6,,
Finland,FIN,EU,2016,5.7,6.2,6.2,,,
Finland,FIN,EU,2017,5.4,6.2,6.3,,152.76,160.6
Finland,FIN,EU,2018,5.3,6.2,6.2,,,
Finland,FIN,EU,2019,5.3,6.4,6.3,,,
France,FRA,EU,2014,6.17,5.2,5.81,,,
France,FRA,EU,2015,6.08,5.28,5.84,12,,
France,FRA,EU,2016,6,5.3,5.9,,,
France,FRA,EU,2017,6,5.1,5.7,,141.89,147.23
France,FRA,EU,2018,6,5,5.5,,,
France,FRA,EU,2019,5.4,5.2,5.5,,,
Gabon,GAB,AF,2014,2.43,3.09,3.57,,,
Gabon,GAB,AF,2015,2.56,3.17,3.34,16,,
Gabon,GAB,AF,2016,2.8,3.2,3.6,,,
Gabon,GAB,AF,2017,,,,,85.64,60.16
Gabon,GAB,AF,2019,2.5,3.3,3.4,,,
Gambia,GMB,AF,2014,4.1,4.23,4.45,,,
Gambia,GMB,AF,2015,4.13,4.12,4.34,10,,
Gambia,GMB,AF,2016,3.9,4,4.1,,,
Gambia,GMB,AF,2017,4.1,4.4,4.5,,52.13,45.97
Gambia,GMB,AF,2018,3.8,4.2,4.5,,,
Gambia,GMB,AF,2019,3.7,3.9,4.4,,,
Georgia,GEO,AS,2014,4.03,4.2,4.08,,,
Georgia,GEO,AS,2015,3.88,3.99,3.88,4,,
Georgia,GEO,AS,2016,3.8,4,4,,,
Georgia,GEO,AS,2017,3.8,4.1,4.3,,59.28,60.71
Georgia,GEO,AS,2018,3.8,3.8,4.4,,,
Georgia,GEO,AS,2019,3.8,3.8,4.4,,,
Germany,DEU,EU,2014,5.88,5.67,5.94,,,
Germany,DEU,EU,2015,5.72,5.61,5.95,15,,
Germany,DEU,EU,2016,5.6,5.6,5.9,,,
Germany,DEU,EU,2017,5.5,5.5,5.8,,141.33,137.9
Germany,DEU,EU,2018,5.5,5.3,5.6,,,
Germany,DEU,EU,2019,5.3,5.2,5.5,,,
Ghana,GHA,AF,2014,3.73,3.68,4.13,,,
Ghana,GHA,AF,2015,3.22,3.5,3.9,1,,
Ghana,GHA,AF,2016,3.5,3.7,4,,,
Ghana,GHA,AF,2017,3.9,3.6,3.9,,64.37,49.72
Ghana,GHA,AF,2018,3.5,3,3.8,,,
Ghana,GHA,AF,2019,3,3.1,3.7,,,
Gibraltar,GIB,EU,2015,,,,34,,
Greece,GRC,EU,2014,4.32,4.72,5.16,,,
Greece,GRC,EU,2015,4.28,4.59,5.12,11,,
Greece,GRC,EU,2016,4.3,4.5,4.9,,,
Greece,GRC,EU,2017,4.5,4.5,4.8,,120.91,103.71
Greece,GRC,EU,2018,4.7,4.6,5.2,,,
Greece,GRC,EU,2019,4.6,4.8,5.4,,,
Grenada,GRD,NA,2015,,,,7,,
Grenada,GRD,NA,2017,,,,,115.65,70.45
Guatemala,GTM,NA,2014,3.74,4.05,4.09,,,
Guatemala,GTM,NA,2015,3.57,3.88,4.12,,,
Guatemala,GTM,NA,2016,3.4,3.7,3.9,,,
Guatemala,GTM,NA,2017,3.1,3.6,3.4,,,
Guatemala,GTM,NA,2018,2.6,3.8,4.1,,,
Guatemala,GTM,NA,2019,2.4,3.9,4.1,,,
Guinea,GIN,AF,2014,1.94,2.95,2.49,,,
Guinea,GIN,AF,2015,1.94,2.95,2.49,2,,
Guinea,GIN,AF,2017,2.2,3.4,3.4,,46.26,33.39
Guinea,GIN,AF,2018,2.2,3.2,3.8,,,
Guinea,GIN,AF,2019,3.7,5,5.1,,,
Guinea-Bissau,GNB,AF,2015,,,,1,,
Guinea-Bissau,GNB,AF,2017,,,,,64.06,74.97
Guyana,GUY,SA,2014,3.22,3.52,3.79,,,
Guyana,GUY,SA,2015,3.19,3.62,3.83,2,,
Guyana,GUY,SA,2017,,,,,75.59,65.03
Haiti,HTI,NA,2014,2.37,2.54,2.81,,,
Haiti,HTI,NA,2015,2.34,2.56,2.89,,,
Haiti,HTI,NA,2017,2.1,2.6,2.7,,73.42,45.18
Haiti,HTI,NA,2018,2,2.4,2.9,,,
Haiti,HTI,NA,2019,2.1,2.1,2.9,,,
Honduras,HND,NA,2014,3.33,4.13,3.89,,,
Honduras,HND,NA,2015,3.88,4.63,4.26,,,
Honduras,HND,NA,2016,3.8,4.5,4.1,,,
Honduras,HND,NA,2017,3.8,4.4,4,,77.13,47.1
Honduras,HND,NA,2018,4.1,4.4,4.3,,,
Honduras,HND,NA,2019,4.1,4.4,4.3,,,
Hong Kong,HKG,AS,2014,6.04,6.47,6.63,,,
Hong Kong,HKG,AS,2015,6.16,6.35,6.62,39,,
Hong Kong,HKG,AS,2016,6.2,6.4,6.6,,,
Hong Kong,HKG,AS,2017,6.2,6.5,6.6,,128.9,88.62
Hong Kong,HKG,AS,2018,6.1,6.2,6.5,,,
Hong Kong,HKG,AS,2019,6.1,6.3,6.6,,,
Hungary,HUN,EU,2014,4.25,3.76,4.11,,,
Hungary,HUN,EU,2015,4.22,3.37,4.23,5,,
Hungary,HUN,EU,2016,4.1,3.2,4.3,,,
Hungary,HUN,EU,2017,4.1,3.2,4.1,,107.04,75.87
Hungary,HUN,EU,2018,3.9,3.3,4.1,,,
Hungary,HUN,EU,2019,4,3.2,4.6,,,
Iceland,ISL,EU,2014,4.89,5.92,5.76,,,
Iceland,ISL,EU,2015,4.81,5.98,5.87,11,,
Iceland,ISL,EU,2016,4.8,5.9,6,,,
Iceland,ISL,EU,2017,4.5,5.9,5.8,,194.11,232.37
Iceland,ISL,EU,2018,4.1,5.5,5.5,,,
Iceland,ISL,EU,2019,4.1,5.4,5.6,,,
India,IND,AS,2014,3.79,4.02,4.27,,,
India,IND,AS,2015,4.14,4.21,4.26,,,
India,IND,AS,2016,4.4,4.5,4.5,,,
India,IND,AS,2017,4.3,4.6,4.6,,60.97,42.25
India,IND,AS,2018,4.4,4.6,4.8,,,
India,IND,AS,2019,4.5,4.5,4.9,,,
Indonesia,IDN,AS,2014,3.93,3.97,4.52,,,
Indonesia,IDN,AS,2015,3.72,3.81,4.36,,,
Indonesia,IDN,AS,2016,3.9,3.9,4.5,,,
Indonesia,IDN,AS,2017,4.1,4,4.8,,68.07,40.66
Indonesia,IDN,AS,2018,3.9,4.2,5,,,
Indonesia,IDN,AS,2019,4.2,4.3,4.9,,,
Iran,IRN,AS,2014,4.09,3.96,3.19,,,
Iran,IRN,AS,2015,4.07,3.9,3.18,3,,
Iran,IRN,AS,2016,4.1,3.9,3.4,,,
Iran,IRN,AS,2017,4,4,3.7,,58.75,74.6
Iran,IRN,AS,2018,3.9,3.9,3.3,,,
Iran,IRN,AS,2019,3.9,3.7,3.1,,,
Iraq,IRQ,AS,2015,,,,1,,
Iraq,IRQ,AS,2017,,,,,74.05,67.87
Ireland,IRL,EU,2014,5.27,5.32,5.58,,,
Ireland,IRL,EU,2015,5.27,5.33,5.76,16,,
Ireland,IRL,EU,2016,5,5.2,5.6,,,
Ireland,IRL,EU,2017,4.6,5.1,5.4,,142.3,151.45
Ireland,IRL,EU,2018,4.5,5,5.4,,,
Ireland,IRL,EU,2019,4.4,5,5.5,,,
Israel,ISR,AS,2014,4.71,3.76,4.88,,,
Israel,ISR,AS,2015,4.56,4.01,5.07,25,,
Israel,ISR,AS,2016,4.9,4.5,5.4,,,
Israel,ISR,AS,2017,5.1,4.7,5.4,,146.2,176.01
Israel,ISR,AS,2018,5,4.6,5.4,,,
Israel,ISR,AS,2019,4.9,4.8,5.4,,,
Italy,ITA,EU,2014,4.26,4.47,4.29,,,
Italy,ITA,EU,2015,4.42,4.32,4.52,10,,
Italy,ITA,EU,2016,4.6,4.4,4.6,,,
Italy,ITA,EU,2017,4.5,4.4,4.6,,135.37,131.33
Italy,ITA,EU,2018,4.4,4.5,4.8,,,
Italy,ITA,EU,2019,4.4,4.7,4.9,,,
Ivory Coast,CIV,AF,2014,3.91,5.12,4.81,,,
Ivory Coast,CIV,AF,2015,4.76,5.23,5.28,10,,
Ivory Coast,CIV,AF,2016,4.7,5.2,5.2,,,
Ivory Coast,CIV,AF,2017,,,,,68.41,50.05
Ivory Coast,CIV,AF,2018,3.3,3.9,4.5,,,
Ivory Coast,CIV,AF,2019,3.6,4,4.6,,,
Jamaica,JAM,NA,2014,3.66,4.95,4.92,,,
Jamaica,JAM,NA,2015,3.59,4.65,4.92,1,,
Jamaica,JAM,NA,2016,3.8,4.7,5,,,
Jamaica,JAM,NA,2017,3.9,4.9,5.1,,90.06,62.09
Jamaica,JAM,NA,2018,3.9,4.5,5.2,,,
Jamaica,JAM,NA,2019,3.9,4.5,5.1,,,
Japan,JPN,AS,2014,5.92,5.34,5.53,,,
Japan,JPN,AS,2015,5.98,5.4,5.55,2,,
Japan,JPN,AS,2016,6.1,5.3,5.6,,,
Japan,JPN,AS,2017,6.1,5.3,5.6,,139.94,129.06
Japan,JPN,AS,2018,6,5.6,6.1,,,
Japan,JPN,AS,2019,6.1,5.8,6.2,,,
Jordan,JOR,AS,2014,4.14,4.13,4.78,,,
Jordan,JOR,AS,2015,3.87,4,4.55,41,,
Jordan,JOR,AS,2016,4.3,4.5,5.3,,,
Jordan,JOR,AS,2017,4.1,4.5,5.4,,81.46,63.76
Jordan,JOR,AS,2018,3.9,4.2,5.2,,,
Jordan,JOR,AS,2019,4.2,4.4,5.2,,,
Kazakhstan,KAZ,AS,2014,2.98,2.66,4.03,,,
Kazakhstan,KAZ,AS,2015,3.13,2.91,4.04,20,,
Kazakhstan,KAZ,AS,2016,3,3.1,4,,,
Kazakhstan,KAZ,AS,2017,2.9,3.2,4,,55.99,67.06
Kazakhstan,KAZ,AS,2018,3.2,3.5,4.4,,,
Kazakhstan,KAZ,AS,2019,3.6,3.3,4.3,,,
Kenya,KEN,AF,2014,4.24,4.34,4.79,,,
Kenya,KEN,AF,2015,4.19,4.15,4.82,2,,
Kenya,KEN,AF,2016,4.2,4.2,4.8,,,
Kenya,KEN,AF,2017,4.3,4.5,4.9,,81.15,38.81
Kenya,KEN,AF,2018,4.2,4.3,5,,,
Kenya,KEN,AF,2019,4.1,4.2,5,,,
Kiribati,KIR,OC,2015,,,,3,,
Kuwait,KWT,AS,2014,4.63,3.91,3.76,,,
Kuwait,KWT,AS,2015,4.54,3.98,3.89,74,,
Kuwait,KWT,AS,2016,4.4,4.1,3.6,,,
Kuwait,KWT,AS,2017,4.1,3.8,3.2,,71,102.9
Kuwait,KWT,AS,2018,4.2,3.7,3.8,,,
Kuwait,KWT,AS,2019,3.7,3.5,3.6,,,
Kyrgyzstan,KGZ,AS,2014,2.73,1.28,3.18,,,
Kyrgyzstan,KGZ,AS,2015,2.56,1.5,2.91,3,,
Kyrgyzstan,KGZ,AS,2016,2.5,1.5,2.9,,,
Kyrgyzstan,KGZ,AS,2017,2.7,1.4,3.1,,54.99,68.42
Kyrgyzstan,KGZ,AS,2018,2.8,1.4,3,,,
Kyrgyzstan,KGZ,AS,2019,3.1,1.5,3,,,
Laos,LAO,AS,2014,3.97,2.57,4.09,,,
Laos,LAO,AS,2015,3.62,2.18,3.8,,,
Laos,LAO,AS,2016,3.4,2,3.8,,,
Laos,LAO,AS,2017,3.3,2.3,3.8,,85.52,58.18
Laos,LAO,AS,2018,3.2,2.7,3.9,,,
Laos,LAO,AS,2019,3.7,3,4,,,
Latvia,LVA,EU,2014,3.09,5.22,5.35,,,
Latvia,LVA,EU,2015,3.31,5.18,5.37,13,,
Latvia,LVA,EU,2016,3.2,5.1,5.1,,,
Latvia,LVA,EU,2017,3,5.1,5.2,,102.02,102.56
Latvia,LVA,EU,2018,3.5,4.8,5.5,,,
Latvia,LVA,EU,2019,3.6,4.9,5.7,,,
Lebanon,LBN,AS,2014,2.77,4.1,4.52,,,
Lebanon,LBN,AS,2015,2.79,3.86,4.29,34,,
Lebanon,LBN,AS,2016,2.8,3.8,4.1,,,
Lebanon,LBN,AS,2017,2.7,3.5,3.8,,,
Lebanon,LBN,AS,2018,2.6,3.2,4,,,
Lebanon,LBN,AS,2019,2.6,3.6,4.3,,,
Lesotho,LSO,AF,2014,3.33,2.71,2.11,,,
Lesotho,LSO,AF,2015,3.62,2.71,1.5,,,
Lesotho,LSO,AF,2016,3.2,,1,,,
Lesotho,LSO,AF,2017,2.6,3,1.1,,65.52,59.4
Lesotho,LSO,AF,2018,2.4,,1.2,,,
Lesotho,LSO,AF,2019,2.7,,1.4,,,
Liberia,LBR,AF,2015,2.66,3.6,3.2,3,,
Liberia,LBR,AF,2016,3.1,3.5,3.2,,,
Liberia,LBR,AF,2017,3,3.2,2.8,,69.95,55.09
Liberia,LBR,AF,2018,2.8,2.7,3.3,,,
Libya,LBY,AF,2014,2.11,2.56,2.42,,,
Libya,LBY,AF,2015,,,,12,,
Liechtenstein,LIE,EU,2015,,,,63,,
Lithuania,LTU,EU,2014,4.94,4.85,4.19,,,
Lithuania,LTU,EU,2015,4.96,4.85,4.12,5,,
Lithuania,LTU,EU,2016,4.9,4.9,4.4,,,
Lithuania,LTU,EU,2017,4.7,4.8,4.4,,102.02,86.66
Lithuania,LTU,EU,2018,4.7,4.6,4.6,,,
Lithuania,LTU,EU,2019,4.8,4.8,4.9,,,
Luxembourg,LUX,EU,2014,5.71,5,5.42,,,
Luxembourg,LUX,EU,2015,5.57,4.68,5.38,44,,
Luxembourg,LUX,EU,2016,5.6,4.4,5.5,,,
Luxembourg,LUX,EU,2017,5.5,4.6,5.6,,124.81,141.12
Luxembourg,LUX,EU,2018,5.3,4.4,5.5,,,
Luxembourg,LUX,EU,2019,5.5,4.4,5.6,,,
Macao,MAC,AS,2015,,,,58,,
Madagascar,MDG,AF,2014,2.6,3.39,3.41,,,
Madagascar,MDG,AF,2015,2.19,3.2,3.18,,,
Madagascar,MDG,AF,2016,2,3.5,3.2,,,
Madagascar,MDG,AF,2017,2.2,3.6,3.5,,63.68,33.01
Madagascar,MDG,AF,2019,2,3.4,3.5,,,
Malawi,MWI,AF,2014,3.3,2.55,2.75,,,
Malawi,MWI,AF,2015,3.21,2.2,2.51,1,,
Malawi,MWI,AF,2016,2.9,2.2,2.4,,,
Malawi,MWI,AF,2017,2.8,2.1,2.4,,89.54,49.24
Malawi,MWI,AF,2018,2.9,2.2,3.4,,,
Malawi,MWI,AF,2019,2.8,2.2,3.3,,,
Malaysia,MYS,AS,2014,5.59,5.58,5.74,,,
Malaysia,MYS,AS,2015,5.69,5.57,5.74,8,,
Malaysia,MYS,AS,2016,5.5,5.4,5.7,,,
Malaysia,MYS,AS,2017,5.3,5.4,5.7,,66.49,39.3
Malaysia,MYS,AS,2018,5.5,5.3,5.6,,,
Malaysia,MYS,AS,2019,5.3,5.2,5.5,,,
Maldives,MDV,AS,2015,,,,26,,
Maldives,MDV,AS,2017,,,,,118.59,50.58
Mali,MLI,AF,2014,3.35,3.09,3.81,,,
Mali,MLI,AF,2015,3.16,2.49,3.32,2,,
Mali,MLI,AF,2016,3.2,2.3,3.5,,,
Mali,MLI,AF,2017,,1.9,3.9,,72.49,67.27
Mali,MLI,AF,2018,3.4,2.3,3.8,,,
Mali,MLI,AF,2019,3.2,2.2,4.1,,,
Malta,MLT,EU,2014,3.65,5.54,5.48,,,
Malta,MLT,EU,2015,3.37,5.23,5.2,10,,
Malta,MLT,EU,2016,3.2,5.3,5.6,,,
Malta,MLT,EU,2017,3.2,5.3,5.7,,114.37,101.62
Malta,MLT,EU,2018,3.2,4.7,5.4,,,
Malta,MLT,EU,2019,3.3,5.1,5.5,,,
Mauritania,MRT,AF,2014,2.31,2.44,2.4,,,
Mauritania,MRT,AF,2015,2.35,2.7,2.48,3,,
Mauritania,MRT,AF,2016,2.3,2.9,2.4,,,
Mauritania,MRT,AF,2017,2,2.6,2.5,,58.56,38.51
Mauritania,MRT,AF,2018,2,2.3,2.3,,,
Mauritania,MRT,AF,2019,2,2.3,2.3,,,
Mauritius,MUS,AF,2014,4.8,5.01,4.99,,,
Mauritius,MUS,AF,2015,4.78,4.75,5.06,2,,
Mauritius,MUS,AF,2016,4.7,4.2,4.8,,,
Mauritius,MUS,AF,2017,4.5,4.2,4.8,,104.55,86.66
Mauritius,MUS,AF,2018,4.5,4.2,4.8,,,
Mauritius,MUS,AF,2019,4.7,4.5,5,,,
Mexico,MEX,NA,2014,4.42,4.28,4.57,,,
Mexico,MEX,NA,2015,4.32,4.31,4.71,1,,
Mexico,MEX,NA,2016,4.3,4.4,4.6,,,
Mexico,MEX,NA,2017,4.4,4.3,4.4,,85.11,63.31
Mexico,MEX,NA,2018,4.5,4.3,4.5,,,
Mexico,MEX,NA,2019,4.5,4.3,4.4,,,
Micronesia,FSM,OC,2015,,,,3,,
Moldova,MDA,EU,2014,2.14,2.23,3.68,,,
Moldova,MDA,EU,2015,2.42,2.19,3.85,4,,
Moldova,MDA,EU,2016,2.5,2.2,3.9,,,
Moldova,MDA,EU,2017,2.5,2.4,4.1,,67.75,64.37
Moldova,MDA,EU,2018,2.4,2.5,4.4,,,
Moldova,MDA,EU,2019,2.6,2.3,4.4,,,
Monaco,MCO,EU,2015,,,,56,,
Mongolia,MNG,AS,2014,2.58,1.66,3.12,,,
Mongolia,MNG,AS,2015,2.79,1.39,3.17,1,,
Mongolia,MNG,AS,2016,3,1.3,3.1,,,
Mongolia,MNG,AS,2017,3.1,1.4,3.2,,61.89,46.16
Mongolia,MNG,AS,2018,3.1,1.6,3.6,,,
Mongolia,MNG,AS,2019,3.1,1.6,3.6,,,
Montenegro,MNE,EU,2014,3.32,4.16,4.2,,,
Montenegro,MNE,EU,2015,3.19,4.18,4.22,13,,
Montenegro,MNE,EU,2016,3.2,4,4.1,,,
Montenegro,MNE,EU,2017,3.5,4.1,4.3,,97.47,73.7
Montenegro,MNE,EU,2018,3.8,4.1,4.4,,,
Montenegro,MNE,EU,2019,3.9,4.2,4.6,,,
Montserrat,MSR,NA,2017,,,,,136.59,84.58
Morocco,MAR,AF,2014,4.46,4.94,4.82,,,
Morocco,MAR,AF,2015,4.31,4.78,4.63,,,
Morocco,MAR,AF,2016,4.4,4.8,4.7,,,
Morocco,MAR,AF,2017,4.5,5,4.8,,77.52,57.5
Morocco,MAR,AF,2018,4.5,4.9,5,,,
Morocco,MAR,AF,2019,4.7,5.1,5.3,,,
Mozambique,MOZ,AF,2014,2.13,3.67,3.29,,,
Mozambique,MOZ,AF,2015,2.28,3.6,3.22,1,,
Mozambique,MOZ,AF,2016,2.4,3.5,3.4,,,
Mozambique,MOZ,AF,2017,2.5,3.6,3.5,,58.57,43.2
Mozambique,MOZ,AF,2018,2.4,2.9,2.7,,,
Mozambique,MOZ,AF,2019,2.4,3.3,3,,,
Namibia,NAM,AF,2014,5.2,5.24,4.58,,,
Namibia,NAM,AF,2015,5.18,5.18,4.62,4,,
Namibia,NAM,AF,2016,5.2,5.3,4.6,,,
Namibia,NAM,AF,2017,5,5.2,4.7,,86.42,67.54
Namibia,NAM,AF,2018,5.1,4.6,4.9,,,
Namibia,NAM,AF,2019,5.3,4.9,4.8,,,
Nepal,NPL,AS,2014,2.9,2.18,2.92,,,
Nepal,NPL,AS,2015,2.81,1.56,2.81,2,,
Nepal,NPL,AS,2016,2.8,1.3,2.6,,,
Nepal,NPL,AS,2017,2.8,1.6,2.5,,80.58,29.76
Nepal,NPL,AS,2018,2.6,1.8,3,,,
Nepal,NPL,AS,2019,2.9,2,3.2,,,
Netherlands,NLD,EU,2014,6.14,6.81,6.45,,,
Netherlands,NLD,EU,2015,6.22,6.77,6.41,12,,
Netherlands,NLD,EU,2016,6.1,6.8,6.5,,,
Netherlands,NLD,EU,2017,6.1,6.8,6.6,,154.57,141.25
Netherlands,NLD,EU,2018,6.2,6.3,6.3,,,
Netherlands,NLD,EU,2019,6.4,6.4,6.4,,,
New Caledonia,NCL,OC,2015,,,,24,,
New Zealand,NZL,OC,2014,4.95,5.76,5.93,,,
New Zealand,NZL,OC,2015,4.68,5.47,5.84,23,,
New Zealand,NZL,OC,2016,4.5,5.3,5.7,,,
New Zealand,NZL,OC,2017,4.7,5.5,5.6,,139.05,140.97
New Zealand,NZL,OC,2018,4.7,5.1,5.5,,,
New Zealand,NZL,OC,2019,4.5,4.9,5.5,,,
Nicaragua,NIC,NA,2014,3.55,3.17,3.67,,,
Nicaragua,NIC,NA,2015,3.57,2.84,3.55,1,,
Nicaragua,NIC,NA,2016,3.6,2.8,3.6,,,
Nicaragua,NIC,NA,2017,4.3,3.1,3.8,,56.18,56.13
Nicaragua,NIC,NA,2018,4.2,3.2,3.7,,,
Nicaragua,NIC,NA,2019,4.2,3.2,3.7,,,
Niger,NER,AF,2015,,,,1,,
Niger,NER,AF,2017,,,,,71.15,49.29
Nigeria,NGA,AF,2014,2.68,3.16,3.21,,,
Nigeria,NGA,AF,2015,2.71,2.98,3.38,1,,
Nigeria,NGA,AF,2016,2.6,2.8,3.2,,,
Nigeria,NGA,AF,2017,2.5,2.8,2.9,,67.47,39
Nigeria,NGA,AF,2018,2.4,2.5,3.1,,,
Nigeria,NGA,AF,2019,2.5,2.5,3.4,,,
North Macedonia,MKD,EU,2014,3.38,3.41,4.66,,,
North Macedonia,MKD,EU,2015,3.53,3.6,4.81,6,,
North Macedonia,MKD,EU,2016,3.7,3.8,4.8,,,
North Macedonia,MKD,EU,2017,,,,,82.59,53.86
North Macedonia,MKD,EU,2018,3.4,2.2,4.3,,,
North Macedonia,MKD,EU,2019,3.4,2.4,4.3,,,
Norway,NOR,EU,2014,3.86,5.69,6.12,,,
Norway,NOR,EU,2015,4.04,5.53,5.97,14,,
Norway,NOR,EU,2016,4.1,5.4,5.8,,,
Norway,NOR,EU,2017,4.3,5.5,6,,194.38,206.57
Norway,NOR,EU,2018,4.5,5.1,5.6,,,
Norway,NOR,EU,2019,4.5,5.1,5.6,,,
Oman,OMN,AS,2014,6.01,5.19,5.09,,,
Oman,OMN,AS,2015,5.58,4.86,4.77,41,,
Oman,OMN,AS,2016,5.5,4.6,4.7,,,
Oman,OMN,AS,2017,5.5,4.6,4.7,,69.95,58.29
Oman,OMN,AS,2018,6,5.3,5.4,,,
Oman,OMN,AS,2019,5.7,5.1,5.5,,,
Pakistan,PAK,AS,2014,3.81,4.42,3.92,,,
Pakistan,PAK,AS,2015,3.76,4.08,4.13,2,,
Pakistan,PAK,AS,2016,3.8,3.7,4,,,
Pakistan,PAK,AS,2017,3.9,4,4,,61.54,41.76
Pakistan,PAK,AS,2018,3.9,4.1,4.1,,,
Pakistan,PAK,AS,2019,4,4.1,4.2,,,
Palau,PLW,OC,2015,,,,27,,
Palestine,PS,AS,2015,,,,5,,
Panama,PAN,NA,2014,4.74,6.27,6.11,,,
Panama,PAN,NA,2015,4.61,6.25,6.19,5,,
Panama,PAN,NA,2016,4.5,6.3,6.2,,,
Panama,PAN,NA,2017,4.4,6.2,6,,54.9,80.55
Panama,PAN,NA,2018,4.3,5.7,5.8,,,
Panama,PAN,NA,2019,4.5,5.7,5.9,,,
Paraguay,PRY,SA,2014,2.45,3.19,2.58,,,
Paraguay,PRY,SA,2015,2.25,3.07,2.62,2,,
Paraguay,PRY,SA,2016,2.2,3.1,2.6,,,
Paraguay,PRY,SA,2017,2.4,3.3,2.6,,82.05,60.5
Paraguay,PRY,SA,2018,2.5,3.4,3.3,,,
Paraguay,PRY,SA,2019,2.6,3.5,3.5,,,
Peru,PER,SA,2014,3.23,3.75,3.96,,,
Peru,PER,SA,2015,3.02,3.65,4.07,,,
Peru,PER,SA,2016,3,3.6,4.1,,,
Peru,PER,SA,2017,3,3.7,4.1,,73.68,72.12
Peru,PER,SA,2018,3.2,3.6,4.2,,,
Peru,PER,SA,2019,3.2,3.8,4.3,,,
Philippines,PHL,AS,2014,3.57,3.46,3.58,,,
Philippines,PHL,AS,2015,3.3,3.22,3.69,,,
Philippines,PHL,AS,2016,3.1,2.9,3.2,,,
Philippines,PHL,AS,2017,3.1,2.9,2.9,,70.84,48.52
Philippines,PHL,AS,2018,3.5,3.6,4.1,,,
Philippines,PHL,AS,2019,3.7,3.7,4.1,,,
Poland,POL,EU,2014,3.55,3.97,4.02,,,
Poland,POL,EU,2015,3.81,4.02,4.07,2,,
Poland,POL,EU,2016,4,4.1,4.3,,,
Poland,POL,EU,2017,4.1,4.2,4.5,,93.44,92.4
Poland,POL,EU,2018,4.1,4.4,4.8,,,
Poland,POL,EU,2019,4.3,4.5,4.8,,,
Portugal,PRT,EU,2014,6.34,5.42,5.7,,,
Portugal,PRT,EU,2015,6.16,5.3,5.56,8,,
Portugal,PRT,EU,2016,5.9,5.1,5.4,,,
Portugal,PRT,EU,2017,6,5.2,5.5,,123.44,96.82
Portugal,PRT,EU,2018,6.1,5,5.4,,,
Portugal,PRT,EU,2019,6,4.9,5,,,
Puerto Rico,PRI,NA,2014,5.19,5.43,5.56,,,
Puerto Rico,PRI,NA,2015,,,,7,,
Qatar,QAT,AS,2014,5.03,5.42,5.97,,,
Qatar,QAT,AS,2015,5.43,5.6,6.15,75,,
Qatar,QAT,AS,2016,5.1,5.5,6.2,,,
Qatar,QAT,AS,2017,5.5,5.6,6.3,,75.34,94.27
Qatar,QAT,AS,2018,5.6,5.3,5.7,,,
Qatar,QAT,AS,2019,5.5,5.4,5.7,,,
Republic of the Congo,COG,AF,2015,,,,9,,
Republic of the Congo,COG,AF,2017,,,,,80.66,69.2
Romania,ROU,EU,2014,2.75,3.39,3.62,,,
Romania,ROU,EU,2015,2.75,3.42,3.56,1,,
Romania,ROU,EU,2016,2.6,3.4,3.7,,,
Romania,ROU,EU,2017,2.7,3.5,4,,87.59,66.04
Romania,ROU,EU,2018,3,3.9,4.7,,,
Romania,ROU,EU,2019,3,3.9,4.6,,,
Russia,RUS,EU,2014,2.72,3.94,4.14,,,
Russia,RUS,EU,2015,2.72,3.94,4.14,8,,
Russia,RUS,EU,2016,2.8,4,4.4,,,
Russia,RUS,EU,2017,2.9,4.2,4.6,,71.51,80.01
Russia,RUS,EU,2018,3.3,4.6,4.9,,,
Russia,RUS,EU,2019,3.5,4.7,5,,,
Rwanda,RWA,AF,2014,4.68,3.59,4.26,,,
Rwanda,RWA,AF,2015,4.87,3.34,4.45,4,,
Rwanda,RWA,AF,2016,5,3.2,4.6,,,
Rwanda,RWA,AF,2017,5,2.9,4.7,,71.79,53.87
Rwanda,RWA,AF,2018,4.7,2.9,4.8,,,
Rwanda,RWA,AF,2019,4.8,3.2,5,,,
Saint Lucia,LCA,NA,2015,,,,7,,
Saint Lucia,LCA,NA,2017,,,,,140.23,113.97
Saint Vincent and the Grenadines,VCT,NA,2015,,,,4,,
Saint Vincent and the Grenadines,VCT,NA,2017,,,,,112.22,131.16
Samoa,WSM,OC,2015,,,,3,,
San Marino,SMR,EU,2015,,,,15,,
Sao Tome and Principe,STP,AF,2015,,,,1,,
Sao Tome and Principe,STP,AF,2017,3.6,,,,91.19,57.25
Saudi Arabia,SAU,AS,2014,5.27,4.98,5.14,,,
Saudi Arabia,SAU,AS,2015,5.01,4.84,5,32,,
Saudi Arabia,SAU,AS,2016,4.9,4.6,4.9,,,
Saudi Arabia,SAU,AS,2017,4.8,4.7,4.9,,54.97,60.33
Saudi Arabia,SAU,AS,2018,5,4.6,5.2,,,
Saudi Arabia,SAU,AS,2019,5.2,4.8,5.4,,,
Senegal,SEN,AF,2014,3.36,4.44,3.83,,,
Senegal,SEN,AF,2015,3.73,4.13,3.64,2,,
Senegal,SEN,AF,2016,4,4.4,4.1,,,
Senegal,SEN,AF,2017,3.7,4.4,4.2,,75.25,70.55
Senegal,SEN,AF,2018,3.7,3.6,4.1,,,
Senegal,SEN,AF,2019,4.1,4,4.5,,,
Serbia,SRB,EU,2014,2.93,2.6,3.46,,,
Serbia,SRB,EU,2015,2.86,2.67,3.69,9,,
Serbia,SRB,EU,2016,2.9,2.7,3.9,,,
Serbia,SRB,EU,2017,3.2,3,4.2,,98.5,63.25
Serbia,SRB,EU,2018,3.4,3.2,4.5,,,
Serbia,SRB,EU,2019,3.5,3.1,4.3,,,
Seychelles,SYC,AF,2014,4.2,4.96,4.91,,,
Seychelles,SYC,AF,2015,4.2,4.96,4.91,13,,
Seychelles,SYC,AF,2017,4.4,4.5,4.7,,85.56,160.02
Seychelles,SYC,AF,2018,4.5,4.7,4.8,,,
Seychelles,SYC,AF,2019,4,4.4,4.4,,,
Sierra Leone,SLE,AF,2014,3.04,3.35,2.7,,,
Sierra Leone,SLE,AF,2015,2.74,2.83,2.42,1,,
Sierra Leone,SLE,AF,2016,2.8,3,2.7,,,
Sierra Leone,SLE,AF,2017,3.2,3.3,2.8,,58.17,36.56
Sierra Leone,SLE,AF,2018,3.6,3,2.9,,,
Singapore,SGP,AS,2014,6.05,6.71,6.76,,,
Singapore,SGP,AS,2015,6.21,6.66,6.8,45,,
Singapore,SGP,AS,2016,6.3,6.7,6.9,,,
Singapore,SGP,AS,2017,6.3,6.7,6.9,,158.08,70.37
Singapore,SGP,AS,2018,6.4,6.4,6.7,,,
Singapore,SGP,AS,2019,6.5,6.5,6.7,,,
Slovakia,SVK,EU,2014,3.69,3.46,3.37,,,
Slovakia,SVK,EU,2015,4.03,3.16,3.52,3,,
Slovakia,SVK,EU,2016,4.1,3,3.4,,,
Slovakia,SVK,EU,2017,4,3,3.5,,105.37,94.58
Slovakia,SVK,EU,2018,4,3.3,3.9,,,
Slovakia,SVK,EU,2019,4,3.1,3.8,,,
Slovenia,SVN,EU,2014,4.9,4.99,4.45,,,
Slovenia,SVN,EU,2015,4.65,4.97,4.42,11,,
Slovenia,SVN,EU,2016,4.4,5.1,4.3,,,
Slovenia,SVN,EU,2017,4.4,5,4.3,,119.8,102.99
Slovenia,SVN,EU,2018,4.7,4.7,4.6,,,
Slovenia,SVN,EU,2019,4.9,4.7,4.6,,,
South Africa,ZAF,AF,2014,4.93,4.86,5.99,,,
South Africa,ZAF,AF,2015,4.96,4.87,5.85,6,,
South Africa,ZAF,AF,2016,5,4.9,6,,,
South Africa,ZAF,AF,2017,4.4,4.8,5.6,,109.39,62.93
South Africa,ZAF,AF,2018,4.3,4.5,5.3,,,
South Africa,ZAF,AF,2019,4.5,4.5,5.5,,,
South Korea,KOR,AS,2014,5.6,5.33,5.43,,,
South Korea,KOR,AS,2015,5.59,5.23,5.46,3,,
South Korea,KOR,AS,2016,5.6,5.2,5.7,,,
South Korea,KOR,AS,2017,5.6,5.2,5.9,,113.52,145.92
South Korea,KOR,AS,2018,5.7,5.4,5.8,,,
South Korea,KOR,AS,2019,5.9,5.5,5.9,,,
Spain,ESP,EU,2014,5.91,5.82,6,,,
Spain,ESP,EU,2015,5.8,5.65,5.89,13,,
Spain,ESP,EU,2016,5.5,5.5,5.8,,,
Spain,ESP,EU,2017,5.5,5.5,5.8,,117.72,107.29
Spain,ESP,EU,2018,5.6,5.2,5.6,,,
Spain,ESP,EU,2019,5.7,5.4,5.6,,,
Sri Lanka,LKA,AS,2014,5.09,4.16,4.78,,,
Sri Lanka,LKA,AS,2015,5.21,4.28,4.93,,,
Sri Lanka,LKA,AS,2016,4.7,4.3,4.6,,,
Sri Lanka,LKA,AS,2017,4.2,4.5,4.2,,74.58,49.53
Sri Lanka,LKA,AS,2018,3.8,4.1,4.4,,,
Sri Lanka,LKA,AS,2019,3.9,4.1,4.6,,,
Sudan,SDN,AF,2015,,,,1,,
Sudan,SDN,AF,2017,,,,,54.86,28.8
Suriname,SUR,SA,2014,3.95,4.45,3.64,,,
Suriname,SUR,SA,2015,,,,9,,
Suriname,SUR,SA,2017,,,,,77.06,57.36
Swaziland,SWZ,AF,2014,4.88,3.96,3.99,,,
Swaziland,SWZ,AF,2015,4.41,3.45,3.56,2,,
Swaziland,SWZ,AF,2017,4.7,3.6,4.1,,70.78,66.55
Swaziland,SWZ,AF,2018,4.3,3.4,3.7,,,
Swaziland,SWZ,AF,2019,4,3.4,3.8,,,
Sweden,SWE,EU,2014,5.5,5.6,5.67,,,
Sweden,SWE,EU,2015,5.36,5.62,5.6,17,,
Sweden,SWE,EU,2016,5.3,5.6,5.7,,,
Sweden,SWE,EU,2017,5.5,5.5,5.8,,160.4,182.92
Sweden,SWE,EU,2018,5.6,5.5,5.8,,,
Sweden,SWE,EU,2019,5.3,5.3,5.7,,,
Switzerland,CHE,EU,2014,6,4.88,6.09,,,
Switzerland,CHE,EU,2015,5.86,4.62,6.13,29,,
Switzerland,CHE,EU,2016,6,4.4,6.1,,,
Switzerland,CHE,EU,2017,6.3,4.5,6.2,,160.56,203.18
Switzerland,CHE,EU,2018,6.4,4.5,6.3,,,
Switzerland,CHE,EU,2019,6.3,4.5,6.1,,,
Syria,SYR,AS,2015,,,,5,,
Taiwan,TWN,AS,2014,5.89,5.35,5.31,,,
Taiwan,TWN,AS,2015,5.81,5.52,5.51,,,
Taiwan,TWN,AS,2016,5.7,5.3,5.3,,,
Taiwan,TWN,AS,2017,5.6,5.2,5.1,,85.17,56.02
Taiwan,TWN,AS,2018,5.5,5.2,5.5,,,
Taiwan,TWN,AS,2019,5.6,5.4,5.6,,,
Tajikistan,TJK,AS,2014,3.04,2.06,3.95,,,
Tajikistan,TJK,AS,2015,3.63,2.1,4.13,3,,
Tajikistan,TJK,AS,2016,4.1,2,4.3,,,
Tajikistan,TJK,AS,2017,4.1,2,4.3,,73.35,64.45
Tajikistan,TJK,AS,2018,4.5,1,4.4,,,
Tajikistan,TJK,AS,2019,4.5,1,4.5,,,
Tanzania,TZA,AF,2014,3.03,3.27,2.76,,,
Tanzania,TZA,AF,2015,3.34,3.38,2.97,,,
Tanzania,TZA,AF,2016,3.4,3.4,3.2,,,
Tanzania,TZA,AF,2017,3.5,3.4,3.4,,60.85,30.13
Tanzania,TZA,AF,2018,3.7,3.8,3.9,,,
Tanzania,TZA,AF,2019,4.1,4.1,4.1,,,
Thailand,THA,AS,2014,4.47,4.5,5.28,,,
Thailand,THA,AS,2015,4.38,4.49,5.11,6,,
Thailand,THA,AS,2016,4.2,4.2,5,,,
Thailand,THA,AS,2017,4.3,4.3,5.2,,72.84,40.4
Thailand,THA,AS,2018,4.4,4.1,5,,,
Thailand,THA,AS,2019,4.4,4.1,5,,,
Togo,TGO,AF,2015,,,,4,,
Togo,TGO,AF,2017,,,,,62.91,69.43
Tonga,TON,OC,2015,,,,5,,
Trinidad and Tobago,TTO,NA,2014,3.99,4.22,4.77,,,
Trinidad and Tobago,TTO,NA,2015,4.05,4,4.59,4,,
Trinidad and Tobago,TTO,NA,2016,4.1,3.8,4.3,,,
Trinidad and Tobago,TTO,NA,2017,4.1,3.8,4.1,,86.25,120.76
Trinidad and Tobago,TTO,NA,2018,3.9,2.5,3.7,,,
Trinidad and Tobago,TTO,NA,2019,3.7,3,4.2,,,
Tunisia,TUN,AF,2014,3.69,3.85,4.15,,,
Tunisia,TUN,AF,2015,3.47,3.56,3.93,1,,
Tunisia,TUN,AF,2016,3.5,3.3,3.9,,,
Tunisia,TUN,AF,2017,3.7,3.3,3.9,,56.7,37.86
Tunisia,TUN,AF,2018,3.8,3.5,3.8,,,
Tunisia,TUN,AF,2019,3.6,3.4,3.6,,,
Turkey,TUR,EU,2014,4.88,4.44,5.4,,,
Turkey,TUR,EU,2015,4.87,4.49,5.34,4,,
Turkey,TUR,EU,2016,5,4.5,5.4,,,
Turkey,TUR,EU,2017,5,4.5,5.4,,95.17,78.22
Turkey,TUR,EU,2018,4.9,4.5,5.3,,,
Turkey,TUR,EU,2019,5,4.7,5.4,,,
Turkmenistan,TKM,AS,2015,,,,4,,
Tuvalu,TUV,OC,2015,,,,1,,
Uganda,UGA,AF,2014,3.2,2.83,3.17,,,
Uganda,UGA,AF,2015,3.41,2.53,3,2,,
Uganda,UGA,AF,2016,3.5,2.5,3.2,,,
Uganda,UGA,AF,2017,3.4,2.6,3.1,,71.74,59.97
Uganda,UGA,AF,2018,3.5,2.6,3.3,,,
Uganda,UGA,AF,2019,3.7,2.7,3.6,,,
Ukraine,UKR,EU,2014,2.21,3.27,3.78,,,
Ukraine,UKR,EU,2015,2.44,3.16,3.7,11,,
Ukraine,UKR,EU,2016,2.4,3.4,3.7,,,
Ukraine,UKR,EU,2017,2.4,3.5,4,,65.43,32.17
Ukraine,UKR,EU,2018,2.7,3.8,4,,,
Ukraine,UKR,EU,2019,3,3.9,4,,,
United Arab Emirates,ARE,AS,2014,6.61,6.47,6.72,,,
United Arab Emirates,ARE,AS,2015,6.61,6.47,6.72,88,,
United Arab Emirates,ARE,AS,2016,6.5,6.4,6.7,,,
United Arab Emirates,ARE,AS,2017,6.4,6.2,6.6,,75.78,93.48
United Arab Emirates,ARE,AS,2018,5.9,5.4,5.9,,,
United Arab Emirates,ARE,AS,2019,6,5.5,6,,,
United Kingdom,GBR,EU,2014,5.18,5.61,5.52,,,
United Kingdom,GBR,EU,2015,5.16,5.67,5.78,13,,
United Kingdom,GBR,EU,2016,5.1,5.6,5.8,,,
United Kingdom,GBR,EU,2017,5.1,5.5,5.5,,138.72,131.75
United Kingdom,GBR,EU,2018,5.2,5.4,5.7,,,
United Kingdom,GBR,EU,2019,4.9,5.2,5.3,,,
Uruguay,URY,SA,2014,3.53,4.74,3.96,,,
Uruguay,URY,SA,2015,3.31,4.7,3.62,2,,
Uruguay,URY,SA,2016,3.2,4.8,4.4,,,
Uruguay,URY,SA,2017,3.3,4.9,5.3,,129.14,114.64
Uruguay,URY,SA,2018,3.3,4.8,5.1,,,
Uruguay,URY,SA,2019,3.7,4.8,5.1,,,
USA,USA,NA,2014,5.69,5.69,6.05,,,
USA,USA,NA,2015,5.7,5.73,6.21,14,,
USA,USA,NA,2016,5.6,5.7,6.1,,,
USA,USA,NA,2017,5.7,5.8,6,,110.32,127.71
USA,USA,NA,2018,5.9,5.8,5.9,,,
USA,USA,NA,2019,5.5,5.6,5.8,,,
Uzbekistan,UZB,AS,2015,,,,4,,
Vanuatu,VUT,OC,2015,,,,1,,
Venezuela,VEN,SA,2014,2.64,2.56,2.73,,,
Venezuela,VEN,SA,2015,2.66,2.55,2.6,5,,
Venezuela,VEN,SA,2016,2.8,2.6,2.7,,,
Venezuela,VEN,SA,2017,2.8,2.7,2.7,,,
Venezuela,VEN,SA,2018,2.8,2.2,2.4,,,
Venezuela,VEN,SA,2019,2.6,2.1,2.2,,,
Vietnam,VNM,AS,2014,3.2,3.74,4,,,
Vietnam,VNM,AS,2015,3.34,3.91,4.17,,,
Vietnam,VNM,AS,2016,3.5,3.8,4.1,,,
Vietnam,VNM,AS,2017,3.4,3.7,3.8,,72.95,35.01
Vietnam,VNM,AS,2018,3.2,3.8,3.8,,,
Vietnam,VNM,AS,2019,3.4,3.8,4,,,
Yemen,YEM,AS,2014,2.46,2.57,2.33,,,
Yemen,YEM,AS,2015,,,,1,,
Yemen,YEM,AS,2016,2.5,2.6,2.2,,,
Yemen,YEM,AS,2017,2.3,2.6,2.1,,,
Yemen,YEM,AS,2018,2.2,2.2,2.2,,,
Yemen,YEM,AS,2019,2.1,2.2,2.2,,,
Zambia,ZMB,AF,2014,3.58,2.65,3.5,,,
Zambia,ZMB,AF,2015,3.71,2.18,3.36,1,,
Zambia,ZMB,AF,2016,3.5,2.2,3.2,,,
Zambia,ZMB,AF,2017,3.6,2.3,3.2,,110.55,47.62
Zambia,ZMB,AF,2018,3.4,2.6,3.9,,,
Zambia,ZMB,AF,2019,3.4,2.7,4.1,,,
Zimbabwe,ZWE,AF,2014,3.28,3.61,3.34,,,
Zimbabwe,ZWE,AF,2015,3.28,3.24,3.31,3,,
Zimbabwe,ZWE,AF,2016,3.2,3.2,3.6,,,
Zimbabwe,ZWE,AF,2017,2.8,3.1,3.7,,88.24,73.27
Zimbabwe,ZWE,AF,2018,2.7,3.1,3.5,,,
Zimbabwe,ZWE,AF,2019,2.8,3.1,3.5,,,
